CREATE TABLE IF NOT EXISTS `match` (
  `team` int(11) NOT NULL,
  `match` int(11) NOT NULL,
  `Auto High` int(11) NOT NULL,
  `Auto Middle` int(11) NOT NULL,
  `Auto Low` int(11) NOT NULL,
  `Auto Miss` int(11) NOT NULL,
  `Teleop High` int(11) NOT NULL,
  `Teleop Middle` int(11) NOT NULL,
  `Teleop Low` int(11) NOT NULL,
  `Teleop Pyramid` int(11) NOT NULL,
  `Teleop Miss` int(11) NOT NULL,
  `Discs over Auto Line` int(11) NOT NULL,
  `Block Shots` int(11) NOT NULL,
  `Speed` int(11) NOT NULL,
  `Climb Attempt` int(11) NOT NULL,
  `Climb Level` int(11) NOT NULL,
  `Illegal Actions` int(11) NOT NULL
);

--INSERT INTO `match` VALUES (`team`, `match`, `Auto High`, `Auto Middle`, `Auto Low`, `Auto Miss`, `Teleop High`, `Teleop Middle`, `Teleop Low`, `Teleop Pyramid`, `Teleop Miss`, `Discs over Auto Line`, `Block Shots`, `Speed`, `Climb Attempt`, `Climb Level`, `Illegal Actions`) VALUES
INSERT INTO `match` VALUES (4628, 1,  0, 0, 0, 0, 0, 0, 2, 0, 0, 0, 0, 3, 0, 0, 1);
INSERT INTO `match` VALUES (1784, 1,  0, 0, 0, 0, 0, 0, 0, 0, 0, 0, 0, 0, 1, 3, 0);
INSERT INTO `match` VALUES (3464, 1,  1, 0, 0, 0, 4, 1, 0, 0, 0, 0, 0, 2, 1, 1, 0);
INSERT INTO `match` VALUES (230, 1,  1, 0, 0, 0, 7, 0, 0, 0, 4, 0, 0, 3, 1, 0, 0);
INSERT INTO `match` VALUES (2205, 1,  0, 0, 0, 0, 0, 0, 0, 0, 0, 0, 0, 1, 0, 0, 0);
INSERT INTO `match` VALUES (1665, 1,  0, 0, 0, 2, 0, 0, 1, 0, 3, 6, 0, 2, 1, 1, 0);
INSERT INTO `match` VALUES (2170, 2,  0, 0, 0, 0, 0, 0, 0, 0, 0, 0, 0, 0, 1, 3, 0);
INSERT INTO `match` VALUES (95, 2,  0, 0, 0, 0, 0, 0, 3, 0, 0, 0, 0, 2, 0, 0, 0);
INSERT INTO `match` VALUES (3059, 2,  0, 0, 0, 0, 0, 0, 0, 0, 0, 0, 0, 3, 1, 3, 0);
INSERT INTO `match` VALUES (1027, 2,  0, 0, 0, 0, 0, 0, 0, 0, 0, 0, 0, 0, 1, 0, 0);
INSERT INTO `match` VALUES (3182, 2,  0, 0, 0, 0, 0, 0, 0, 0, 0, 0, 0, 2, 1, 0, 0);
INSERT INTO `match` VALUES (1991, 2,  2, 0, 0, 1, 2, 0, 0, 0, 0, 0, 0, 4, 1, 2, 0);
INSERT INTO `match` VALUES (999, 3,  0, 0, 0, 0, 0, 0, 0, 0, 0, 0, 0, 0, 1, 0, 1);
INSERT INTO `match` VALUES (3461, 3,  0, 0, 0, 3, 1, 1, 0, 0, 1, 0, 0, 3, 1, 1, 0);
INSERT INTO `match` VALUES (3555, 3,  0, 0, 0, 0, 0, 0, 0, 0, 0, 0, 0, 4, 1, 1, 0);
INSERT INTO `match` VALUES (1699, 3,  0, 0, 0, 2, 0, 0, 0, 0, 0, 0, 0, 0, 0, 0, 0);
INSERT INTO `match` VALUES (178, 3,  2, 0, 0, 2, 1, 0, 1, 0, 6, 0, 0, 4, 1, 1, 0);
INSERT INTO `match` VALUES (3104, 3,  2, 0, 0, 1, 0, 0, 1, 0, 0, 0, 0, 3, 1, 0, 0);
INSERT INTO `match` VALUES (171, 4,  0, 1, 0, 1, 0, 1, 0, 0, 3, 0, 0, 3, 1, 0, 0);
INSERT INTO `match` VALUES (3204, 4,  0, 0, 0, 0, 0, 0, 0, 0, 0, 0, 0, 0, 1, 2, 0);
INSERT INTO `match` VALUES (395, 4,  0, 1, 0, 2, 0, 0, 0, 0, 3, 0, 0, 4, 0, 0, 0);
INSERT INTO `match` VALUES (3525, 4,  0, 1, 0, 0, 0, 3, 0, 0, 3, 0, 0, 3, 1, 0, 0);
INSERT INTO `match` VALUES (4055, 4,  0, 0, 0, 0, 1, 0, 0, 0, 0, 0, 0, 3, 0, 0, 0);
INSERT INTO `match` VALUES (173, 4,  0, 0, 0, 0, 0, 0, 0, 0, 0, 0, 0, 0, 1, 1, 0);
INSERT INTO `match` VALUES (1124, 5,  0, 0, 0, 3, 0, 2, 0, 0, 6, 0, 0, 4, 1, 0, 0);
INSERT INTO `match` VALUES (558, 5,  2, 0, 0, 0, 0, 0, 0, 3, 3, 0, 0, 5, 1, 1, 0);
INSERT INTO `match` VALUES (2836, 5,  0, 0, 0, 2, 0, 0, 0, 0, 0, 1, 0, 4, 1, 0, 0);
INSERT INTO `match` VALUES (237, 5,  0, 0, 0, 0, 0, 0, 0, 0, 0, 0, 0, 2, 1, 1, 0);
INSERT INTO `match` VALUES (1218, 5,  3, 0, 0, 0, 10, 0, 0, 0, 2, 0, 0, 5, 1, 1, 0);
INSERT INTO `match` VALUES (228, 6,  2, 0, 0, 1, 13, 0, 0, 0, 2, 0, 0, 4, 1, 1, 0);
INSERT INTO `match` VALUES (3718, 6,  0, 0, 0, 3, 0, 3, 0, 0, 5, 0, 0, 3, 1, 0, 0);
INSERT INTO `match` VALUES (4254, 6,  0, 0, 0, 0, 0, 0, 0, 0, 0, 0, 0, 0, 0, 0, 0);
INSERT INTO `match` VALUES (2064, 6,  0, 0, 2, 0, 0, 0, 0, 0, 0, 0, 0, 0, 1, 3, 0);
INSERT INTO `match` VALUES (1071, 6,  0, 0, 0, 3, 0, 0, 0, 0, 4, 0, 0, 3, 1, 0, 0);
INSERT INTO `match` VALUES (263, 6,  0, 0, 0, 0, 0, 0, 0, 0, 0, 0, 0, 0, 1, 2, 0);
INSERT INTO `match` VALUES (839, 7,  0, 0, 0, 2, 0, 0, 0, 0, 0, 0, 0, 0, 1, 1, 0);
INSERT INTO `match` VALUES (181, 7,  1, 0, 0, 2, 0, 4, 0, 0, 7, 11, 0, 2, 0, 0, 0);
INSERT INTO `match` VALUES (4572, 7,  0, 0, 0, 0, 0, 0, 0, 0, 0, 0, 0, 3, 1, 1, 0);
INSERT INTO `match` VALUES (694, 7,  0, 0, 0, 0, 8, 0, 0, 0, 1, 0, 0, 4, 1, 1, 0);
INSERT INTO `match` VALUES (1289, 7,  0, 0, 0, 0, 0, 7, 0, 0, 0, 0, 0, 2, 0, 0, 0);
INSERT INTO `match` VALUES (4097, 7,  0, 0, 0, 2, 1, 0, 0, 0, 4, 0, 0, 2, 0, 0, 0);
INSERT INTO `match` VALUES (175, 8,  0, 0, 0, 0, 6, 0, 0, 0, 0, 0, 0, 3, 1, 1, 0);
INSERT INTO `match` VALUES (4134, 8,  0, 0, 0, 2, 3, 0, 0, 0, 4, 0, 0, 0, 1, 1, 0);
INSERT INTO `match` VALUES (1740, 8,  0, 0, 1, 0, 0, 0, 0, 0, 0, 0, 0, 2, 0, 0, 0);
INSERT INTO `match` VALUES (4609, 8,  0, 0, 0, 0, 0, 0, 0, 0, 0, 0, 0, 2, 0, 0, 0);
INSERT INTO `match` VALUES (2785, 8,  0, 0, 0, 0, 0, 0, 0, 0, 0, 0, 0, 2, 1, 1, 0);
INSERT INTO `match` VALUES (195, 8,  3, 0, 0, 0, 4, 0, 0, 0, 6, 0, 0, 3, 1, 1, 0);
INSERT INTO `match` VALUES (2168, 9,  0, 0, 0, 3, 1, 0, 0, 0, 3, 0, 0, 3, 1, 1, 0);
INSERT INTO `match` VALUES (3719, 9,  0, 0, 0, 0, 0, 0, 0, 0, 0, 0, 0, 1, 0, 0, 0);
INSERT INTO `match` VALUES (236, 9,  2, 0, 0, 1, 0, 2, 0, 0, 2, 0, 0, 3, 1, 3, 0);
INSERT INTO `match` VALUES (3634, 9,  0, 0, 0, 2, 0, 0, 0, 0, 0, 0, 0, 0, 0, 0, 1);
INSERT INTO `match` VALUES (177, 9,  0, 0, 0, 0, 6, 0, 0, 0, 0, 0, 0, 0, 1, 1, 0);
INSERT INTO `match` VALUES (558, 10,  3, 0, 0, 0, 0, 4, 0, 3, 1, 0, 0, 3, 1, 1, 0);
INSERT INTO `match` VALUES (3104, 10,  0, 0, 0, 2, 1, 4, 0, 0, 2, 0, 0, 3, 1, 0, 0);
INSERT INTO `match` VALUES (230, 10,  1, 0, 0, 0, 11, 0, 0, 0, 2, 0, 0, 4, 1, 1, 0);
INSERT INTO `match` VALUES (20, 10,  2, 0, 0, 0, 16, 0, 0, 0, 3, 0, 0, 4, 1, 0, 0);
INSERT INTO `match` VALUES (2067, 10,  0, 0, 0, 0, 11, 0, 0, 0, 0, 0, 0, 0, 1, 1, 0);
INSERT INTO `match` VALUES (3204, 10,  0, 0, 0, 0, 0, 0, 0, 0, 0, 0, 0, 0, 1, 1, 0);
INSERT INTO `match` VALUES (4254, 11,  0, 0, 0, 0, 0, 0, 0, 0, 0, 0, 0, 0, 1, 0, 0);
INSERT INTO `match` VALUES (228, 11,  3, 0, 0, 0, 6, 0, 0, 0, 0, 2, 0, 2, 1, 1, 0);
INSERT INTO `match` VALUES (1218, 11,  2, 0, 0, 1, 2, 0, 0, 0, 2, 0, 0, 3, 1, 1, 0);
INSERT INTO `match` VALUES (95, 11,  0, 0, 0, 0, 0, 0, 4, 0, 0, 0, 0, 3, 1, 0, 0);
INSERT INTO `match` VALUES (178, 11,  2, 0, 0, 1, 4, 0, 1, 0, 8, 0, 0, 3, 1, 1, 0);
INSERT INTO `match` VALUES (4628, 11,  0, 0, 0, 2, 0, 0, 2, 0, 0, 0, 0, 2, 1, 0, 0);
INSERT INTO `match` VALUES (2170, 12,  0, 0, 0, 0, 0, 0, 0, 4, 0, 0, 0, 2, 1, 3, 0);
INSERT INTO `match` VALUES (2064, 12,  0, 0, 0, 0, 0, 0, 0, 0, 0, 0, 0, 0, 1, 2, 0);
INSERT INTO `match` VALUES (181, 12,  0, 0, 0, 0, 0, 0, 0, 0, 3, 0, 0, 3, 0, 0, 0);
INSERT INTO `match` VALUES (3718, 12,  0, 0, 1, 0, 0, 5, 0, 0, 4, 0, 0, 3, 1, 0, 0);
INSERT INTO `match` VALUES (1124, 12,  0, 0, 0, 3, 0, 2, 0, 0, 5, 0, 0, 4, 0, 0, 0);
INSERT INTO `match` VALUES (3461, 12,  0, 0, 0, 0, 0, 3, 0, 0, 0, 0, 0, 2, 1, 2, 0);
INSERT INTO `match` VALUES (1027, 13,  0, 0, 0, 0, 0, 0, 0, 0, 0, 0, 0, 2, 1, 0, 0);
INSERT INTO `match` VALUES (839, 13,  3, 0, 0, 0, 0, 0, 0, 0, 0, 1, 0, 3, 1, 1, 0);
INSERT INTO `match` VALUES (2836, 13,  0, 0, 0, 0, 0, 0, 0, 0, 0, 0, 0, 0, 1, 0, 0);
INSERT INTO `match` VALUES (3464, 13,  1, 0, 0, 2, 0, 0, 0, 0, 0, 0, 0, 2, 1, 1, 0);
INSERT INTO `match` VALUES (4609, 13,  0, 0, 0, 3, 0, 0, 0, 0, 2, 0, 0, 2, 0, 0, 0);
INSERT INTO `match` VALUES (4812, 13,  0, 0, 0, 0, 0, 0, 0, 0, 0, 0, 0, 1, 0, 0, 0);
INSERT INTO `match` VALUES (571, 14,  1, 0, 0, 0, 0, 4, 0, 0, 0, 0, 0, 0, 1, 1, 0);
INSERT INTO `match` VALUES (3719, 14,  0, 0, 0, 0, 0, 0, 0, 0, 0, 0, 0, 2, 0, 0, 0);
INSERT INTO `match` VALUES (999, 14,  0, 0, 0, 0, 0, 0, 0, 0, 0, 0, 0, 1, 1, 1, 0);
INSERT INTO `match` VALUES (2785, 14,  0, 0, 0, 0, 0, 0, 2, 0, 0, 0, 0, 1, 1, 1, 0);
INSERT INTO `match` VALUES (1740, 14,  0, 0, 0, 2, 0, 0, 0, 0, 0, 0, 0, 2, 0, 0, 0);
INSERT INTO `match` VALUES (1784, 14,  0, 0, 0, 0, 0, 0, 0, 0, 0, 0, 0, 0, 1, 3, 0);
INSERT INTO `match` VALUES (3634, 15,  0, 4, 0, 0, 0, 0, 0, 0, 0, 0, 0, 1, 0, 0, 0);
INSERT INTO `match` VALUES (175, 15,  4, 0, 0, 0, 4, 0, 0, 0, 0, 0, 0, 0, 1, 1, 0);
INSERT INTO `match` VALUES (694, 15,  2, 0, 0, 1, 4, 0, 4, 0, 5, 0, 0, 5, 1, 1, 0);
INSERT INTO `match` VALUES (20, 15,  2, 0, 0, 0, 10, 0, 0, 0, 4, 0, 0, 4, 1, 1, 0);
INSERT INTO `match` VALUES (2168, 15,  0, 1, 0, 0, 0, 0, 0, 0, 5, 0, 1, 4, 1, 1, 0);
INSERT INTO `match` VALUES (395, 15,  0, 3, 0, 0, 0, 2, 0, 0, 1, 0, 0, 2, 1, 0, 0);
INSERT INTO `match` VALUES (236, 16,  2, 0, 0, 1, 0, 0, 0, 0, 0, 0, 0, 3, 1, 0, 0);
INSERT INTO `match` VALUES (4134, 16,  2, 0, 0, 1, 4, 0, 0, 0, 4, 0, 0, 0, 1, 1, 0);
INSERT INTO `match` VALUES (173, 16,  0, 0, 0, 0, 0, 0, 0, 0, 0, 0, 0, 0, 0, 0, 0);
INSERT INTO `match` VALUES (4572, 16,  0, 0, 0, 0, 0, 0, 0, 0, 0, 0, 1, 4, 1, 1, 0);
INSERT INTO `match` VALUES (3059, 16,  0, 0, 0, 0, 0, 0, 0, 4, 0, 0, 0, 3, 1, 3, 0);
INSERT INTO `match` VALUES (1699, 16,  1, 0, 0, 2, 2, 0, 0, 0, 2, 0, 0, 3, 0, 0, 0);
INSERT INTO `match` VALUES (3525, 17,  0, 2, 2, 0, 0, 1, 0, 2, 2, 0, 0, 3, 1, 1, 0);
INSERT INTO `match` VALUES (195, 17,  3, 0, 0, 0, 8, 4, 0, 0, 3, 0, 0, 4, 1, 1, 0);
INSERT INTO `match` VALUES (4097, 17,  1, 0, 0, 0, 0, 1, 0, 0, 0, 0, 1, 3, 0, 0, 0);
INSERT INTO `match` VALUES (3182, 17,  0, 0, 0, 0, 0, 0, 0, 0, 0, 0, 1, 0, 1, 1, 0);
INSERT INTO `match` VALUES (1071, 17,  0, 0, 0, 1, 0, 0, 0, 0, 4, 0, 0, 3, 1, 0, 0);
INSERT INTO `match` VALUES (1555, 17,  0, 0, 0, 1, 0, 0, 0, 0, 4, 0, 0, 3, 1, 0, 0);
INSERT INTO `match` VALUES (177, 18,  3, 0, 0, 0, 0, 14, 0, 0, 16, 19, 0, 0, 1, 1, 0);
INSERT INTO `match` VALUES (4055, 18,  0, 0, 0, 1, 0, 0, 0, 0, 0, 0, 0, 0, 0, 0, 0);
INSERT INTO `match` VALUES (1665, 18,  0, 0, 3, 0, 0, 0, 5, 0, 1, 0, 1, 3, 1, 1, 0);
INSERT INTO `match` VALUES (1289, 18,  0, 0, 0, 0, 0, 5, 0, 0, 2, 0, 0, 3, 0, 0, 0);
INSERT INTO `match` VALUES (1991, 18,  3, 0, 0, 0, 3, 0, 0, 0, 0, 0, 0, 4, 1, 0, 0);
INSERT INTO `match` VALUES (181, 19,  1, 0, 0, 2, 0, 4, 0, 0, 0, 4, 0, 3, 0, 0, 0);
INSERT INTO `match` VALUES (237, 19,  0, 0, 0, 0, 0, 0, 0, 0, 0, 0, 0, 1, 1, 1, 0);
INSERT INTO `match` VALUES (2067, 19,  2, 0, 0, 3, 7, 0, 0, 0, 4, 0, 0, 4, 1, 0, 0);
INSERT INTO `match` VALUES (3146, 19,  0, 0, 0, 3, 1, 0, 0, 0, 6, 0, 0, 2, 0, 0, 0);
INSERT INTO `match` VALUES (999, 19,  0, 0, 0, 0, 0, 0, 0, 0, 0, 0, 0, 0, 1, 1, 0);
INSERT INTO `match` VALUES (2205, 19,  0, 0, 0, 0, 0, 0, 0, 0, 0, 0, 0, 0, 0, 0, 0);
INSERT INTO `match` VALUES (178, 20,  2, 0, 0, 0, 6, 0, 0, 0, 2, 0, 0, 4, 1, 1, 0);
INSERT INTO `match` VALUES (839, 20,  3, 0, 0, 2, 1, 0, 0, 0, 3, 1, 0, 3, 1, 1, 0);
INSERT INTO `match` VALUES (395, 20,  0, 0, 0, 0, 0, 2, 0, 0, 2, 0, 1, 2, 0, 0, 0);
INSERT INTO `match` VALUES (4628, 20,  0, 0, 0, 0, 0, 0, 5, 0, 0, 0, 0, 4, 0, 0, 0);
INSERT INTO `match` VALUES (2064, 20,  0, 0, 3, 0, 0, 0, 0, 0, 0, 0, 0, 0, 1, 3, 0);
INSERT INTO `match` VALUES (558, 20,  2, 0, 0, 0, 0, 0, 0, 1, 5, 0, 0, 4, 1, 1, 0);
INSERT INTO `match` VALUES (2785, 21,  0, 0, 0, 0, 0, 0, 0, 0, 2, 0, 1, 3, 1, 1, 0);
INSERT INTO `match` VALUES (173, 21,  0, 0, 0, 0, 0, 0, 0, 0, 0, 0, 0, 0, 1, 1, 0);
INSERT INTO `match` VALUES (2170, 21,  0, 0, 0, 0, 0, 0, 0, 0, 0, 0, 0, 0, 1, 3, 1);
INSERT INTO `match` VALUES (228, 21,  0, 0, 0, 2, 19, 0, 0, 0, 1, 0, 0, 5, 1, 1, 0);
INSERT INTO `match` VALUES (230, 21,  1, 0, 0, 1, 9, 0, 0, 0, 3, 0, 0, 2, 1, 1, 0);
INSERT INTO `match` VALUES (4812, 21,  0, 0, 0, 0, 0, 0, 0, 0, 0, 0, 0, 1, 0, 0, 0);
INSERT INTO `match` VALUES (3718, 22,  1, 0, 0, 2, 0, 0, 0, 0, 0, 0, 0, 4, 1, 1, 0);
INSERT INTO `match` VALUES (3634, 22,  0, 0, 0, 0, 0, 0, 0, 0, 0, 0, 0, 2, 0, 0, 0);
INSERT INTO `match` VALUES (3464, 22,  2, 0, 0, 0, 4, 0, 0, 0, 0, 0, 0, 3, 1, 1, 0);
INSERT INTO `match` VALUES (4572, 22,  0, 0, 0, 0, 0, 0, 0, 0, 0, 0, 0, 0, 1, 1, 0);
INSERT INTO `match` VALUES (571, 22,  0, 0, 0, 2, 0, 2, 0, 0, 2, 0, 0, 4, 1, 0, 0);
INSERT INTO `match` VALUES (3182, 22,  0, 0, 3, 0, 0, 0, 0, 0, 0, 0, 0, 4, 1, 1, 0);
INSERT INTO `match` VALUES (236, 23,  2, 0, 0, 1, 0, 0, 0, 0, 0, 0, 0, 2, 1, 3, 0);
INSERT INTO `match` VALUES (20, 23,  0, 0, 0, 0, 9, 0, 0, 0, 0, 0, 0, 3, 1, 1, 0);
INSERT INTO `match` VALUES (3719, 23,  0, 0, 0, 0, 0, 0, 0, 0, 0, 0, 0, 2, 0, 0, 0);
INSERT INTO `match` VALUES (4254, 23,  0, 0, 0, 0, 0, 0, 0, 0, 0, 0, 0, 0, 0, 0, 0);
INSERT INTO `match` VALUES (3555, 23,  0, 0, 1, 1, 0, 2, 0, 0, 2, 0, 0, 3, 1, 1, 0);
INSERT INTO `match` VALUES (1218, 23,  3, 0, 0, 0, 6, 0, 0, 0, 1, 0, 0, 5, 1, 1, 0);
INSERT INTO `match` VALUES (2168, 24,  2, 0, 0, 1, 1, 0, 0, 0, 6, 0, 0, 3, 1, 1, 0);
INSERT INTO `match` VALUES (1027, 24,  0, 0, 0, 0, 0, 0, 0, 0, 0, 0, 0, 0, 1, 0, 0);
INSERT INTO `match` VALUES (4055, 24,  0, 2, 0, 0, 0, 0, 0, 0, 0, 0, 1, 3, 0, 0, 0);
INSERT INTO `match` VALUES (1740, 24,  0, 0, 2, 1, 0, 0, 0, 0, 0, 0, 0, 4, 0, 0, 0);
INSERT INTO `match` VALUES (3461, 24,  0, 0, 0, 3, 0, 0, 0, 0, 0, 0, 0, 2, 1, 1, 0);
INSERT INTO `match` VALUES (2205, 24,  1, 0, 0, 1, 0, 0, 0, 0, 0, 0, 0, 2, 0, 0, 0);
INSERT INTO `match` VALUES (3146, 25,  1, 0, 0, 0, 0, 7, 0, 0, 1, 0, 0, 3, 0, 0, 0);
INSERT INTO `match` VALUES (2836, 25,  0, 0, 0, 0, 0, 0, 0, 0, 3, 0, 0, 3, 1, 0, 0);
INSERT INTO `match` VALUES (4609, 25,  1, 0, 0, 2, 0, 0, 0, 0, 0, 0, 0, 2, 0, 0, 0);
INSERT INTO `match` VALUES (3104, 25,  3, 0, 0, 0, 0, 1, 0, 0, 1, 0, 0, 3, 0, 0, 0);
INSERT INTO `match` VALUES (4097, 25,  0, 1, 0, 2, 0, 1, 0, 0, 6, 0, 0, 3, 0, 0, 0);
INSERT INTO `match` VALUES (1991, 26,  1, 0, 0, 2, 5, 1, 0, 0, 2, 0, 0, 4, 1, 1, 0);
INSERT INTO `match` VALUES (1784, 26,  0, 0, 0, 0, 0, 0, 0, 0, 0, 0, 0, 1, 1, 3, 0);
INSERT INTO `match` VALUES (237, 26,  0, 0, 0, 0, 0, 0, 5, 0, 4, 0, 0, 4, 0, 0, 0);
INSERT INTO `match` VALUES (694, 26,  0, 0, 0, 0, 11, 0, 0, 0, 3, 0, 0, 5, 1, 1, 0);
INSERT INTO `match` VALUES (1699, 26,  0, 0, 0, 3, 5, 0, 0, 0, 7, 0, 0, 3, 0, 0, 0);
INSERT INTO `match` VALUES (3525, 26,  0, 0, 0, 0, 0, 8, 0, 0, 3, 0, 0, 3, 1, 0, 0);
INSERT INTO `match` VALUES (1289, 27,  0, 0, 0, 0, 0, 8, 0, 0, 2, 0, 0, 3, 0, 0, 0);
INSERT INTO `match` VALUES (95, 27,  2, 0, 0, 0, 0, 0, 4, 0, 0, 0, 1, 2, 0, 0, 0);
INSERT INTO `match` VALUES (1665, 27,  0, 0, 1, 0, 0, 0, 1, 0, 0, 0, 0, 2, 1, 1, 0);
INSERT INTO `match` VALUES (195, 27,  3, 0, 0, 0, 5, 1, 0, 0, 9, 0, 0, 3, 0, 0, 0);
INSERT INTO `match` VALUES (4134, 27,  2, 0, 0, 1, 7, 0, 0, 0, 1, 0, 0, 5, 1, 1, 0);
INSERT INTO `match` VALUES (3204, 27,  0, 0, 0, 0, 0, 0, 0, 0, 0, 0, 0, 0, 1, 2, 0);
INSERT INTO `match` VALUES (3059, 28,  0, 0, 0, 3, 0, 0, 0, 0, 0, 0, 0, 3, 1, 3, 0);
INSERT INTO `match` VALUES (177, 28,  2, 0, 0, 1, 0, 19, 0, 0, 13, 32, 0, 2, 1, 1, 0);
INSERT INTO `match` VALUES (175, 28,  3, 0, 0, 1, 8, 0, 0, 0, 1, 0, 0, 4, 0, 0, 0);
INSERT INTO `match` VALUES (2067, 28,  0, 0, 0, 3, 6, 1, 0, 0, 4, 0, 0, 3, 1, 1, 0);
INSERT INTO `match` VALUES (1124, 28,  2, 0, 0, 2, 0, 0, 0, 0, 0, 0, 0, 0, 1, 0, 0);
INSERT INTO `match` VALUES (1071, 28,  0, 2, 0, 1, 0, 0, 0, 0, 0, 0, 0, 2, 1, 1, 1);
INSERT INTO `match` VALUES (2064, 29,  0, 0, 0, 2, 0, 0, 0, 0, 0, 0, 0, 2, 1, 3, 0);
INSERT INTO `match` VALUES (4572, 29,  0, 0, 0, 0, 0, 0, 0, 0, 0, 0, 0, 4, 1, 1, 0);
INSERT INTO `match` VALUES (4055, 29,  0, 0, 2, 0, 0, 0, 0, 0, 0, 0, 0, 2, 0, 0, 0);
INSERT INTO `match` VALUES (2168, 29,  3, 0, 0, 0, 3, 0, 0, 0, 0, 0, 0, 5, 1, 1, 0);
INSERT INTO `match` VALUES (4254, 29,  0, 0, 0, 0, 0, 0, 0, 0, 0, 0, 0, 1, 0, 0, 0);
INSERT INTO `match` VALUES (999, 29,  0, 0, 0, 0, 0, 0, 0, 0, 0, 0, 0, 3, 1, 1, 0);
INSERT INTO `match` VALUES (181, 30,  0, 0, 0, 3, 2, 0, 0, 0, 4, 6, 0, 2, 0, 0, 0);
INSERT INTO `match` VALUES (3555, 30,  0, 0, 0, 0, 0, 0, 0, 0, 0, 0, 0, 1, 0, 0, 0);
INSERT INTO `match` VALUES (228, 30,  3, 0, 0, 0, 6, 0, 0, 0, 0, 0, 0, 4, 1, 1, 0);
INSERT INTO `match` VALUES (20, 30,  0, 1, 0, 2, 11, 0, 0, 0, 2, 0, 0, 4, 1, 1, 0);
INSERT INTO `match` VALUES (571, 30,  0, 0, 0, 0, 3, 1, 0, 0, 1, 0, 0, 2, 1, 1, 0);
INSERT INTO `match` VALUES (2836, 30,  0, 0, 0, 0, 0, 0, 0, 0, 0, 0, 0, 3, 1, 0, 0);
INSERT INTO `match` VALUES (4097, 31,  0, 0, 0, 3, 3, 0, 0, 0, 1, 0, 0, 2, 0, 0, 0);
INSERT INTO `match` VALUES (236, 31,  1, 0, 0, 2, 0, 2, 4, 5, 0, 0, 0, 3, 1, 3, 0);
INSERT INTO `match` VALUES (178, 31,  0, 0, 0, 1, 3, 0, 0, 0, 4, 0, 0, 3, 1, 1, 0);
INSERT INTO `match` VALUES (230, 31,  2, 0, 0, 0, 0, 0, 0, 0, 0, 0, 0, 0, 0, 0, 0);
INSERT INTO `match` VALUES (237, 31,  0, 0, 0, 0, 0, 0, 0, 0, 0, 0, 0, 2, 1, 3, 0);
INSERT INTO `match` VALUES (4609, 31,  1, 0, 0, 2, 0, 0, 0, 0, 0, 0, 0, 2, 0, 0, 0);
INSERT INTO `match` VALUES (1665, 32,  0, 0, 0, 0, 0, 0, 2, 0, 0, 0, 0, 3, 1, 1, 0);
INSERT INTO `match` VALUES (3146, 32,  1, 0, 0, 2, 0, 4, 0, 0, 8, 0, 0, 2, 0, 0, 0);
INSERT INTO `match` VALUES (3525, 32,  0, 0, 0, 0, 1, 3, 0, 0, 1, 0, 0, 3, 1, 1, 0);
INSERT INTO `match` VALUES (4628, 32,  0, 0, 0, 0, 0, 0, 6, 0, 0, 0, 0, 4, 0, 0, 0);
INSERT INTO `match` VALUES (3718, 32,  0, 0, 0, 3, 0, 2, 0, 0, 5, 0, 0, 3, 1, 1, 0);
INSERT INTO `match` VALUES (1740, 32,  0, 0, 1, 0, 0, 0, 0, 0, 0, 0, 0, 2, 0, 0, 0);
INSERT INTO `match` VALUES (263, 33,  0, 0, 0, 0, 0, 0, 0, 0, 0, 0, 0, 0, 0, 0, 0);
INSERT INTO `match` VALUES (3719, 33,  0, 0, 0, 0, 0, 0, 0, 0, 0, 0, 0, 4, 0, 0, 0);
INSERT INTO `match` VALUES (2205, 33,  0, 0, 0, 0, 0, 0, 1, 0, 0, 0, 0, 1, 0, 0, 0);
INSERT INTO `match` VALUES (173, 33,  0, 0, 0, 0, 0, 0, 0, 0, 0, 0, 0, 3, 1, 2, 0);
INSERT INTO `match` VALUES (4812, 33,  0, 0, 0, 0, 0, 0, 0, 0, 0, 0, 0, 2, 0, 0, 0);
INSERT INTO `match` VALUES (694, 33,  2, 0, 0, 0, 15, 0, 0, 0, 1, 0, 0, 4, 1, 1, 0);
INSERT INTO `match` VALUES (2170, 34,  0, 0, 0, 0, 0, 0, 0, 0, 0, 0, 0, 3, 1, 3, 0);
INSERT INTO `match` VALUES (4134, 34,  2, 0, 0, 1, 3, 0, 0, 0, 3, 0, 0, 3, 1, 0, 0);
INSERT INTO `match` VALUES (3634, 34,  0, 0, 0, 0, 0, 1, 0, 0, 0, 0, 0, 2, 0, 0, 0);
INSERT INTO `match` VALUES (1218, 34,  0, 0, 0, 3, 6, 0, 0, 0, 2, 0, 0, 5, 1, 1, 0);
INSERT INTO `match` VALUES (1784, 34,  0, 0, 0, 0, 0, 0, 0, 0, 0, 0, 0, 0, 1, 2, 0);
INSERT INTO `match` VALUES (1071, 34,  0, 1, 0, 2, 0, 1, 0, 0, 3, 0, 0, 2, 0, 0, 0);
INSERT INTO `match` VALUES (175, 35,  1, 0, 0, 3, 10, 0, 0, 0, 2, 0, 0, 3, 1, 1, 0);
INSERT INTO `match` VALUES (3182, 35,  0, 0, 0, 0, 0, 0, 0, 0, 0, 0, 0, 1, 1, 1, 0);
INSERT INTO `match` VALUES (839, 35,  3, 0, 0, 0, 0, 2, 0, 0, 1, 0, 0, 3, 1, 1, 0);
INSERT INTO `match` VALUES (1991, 35,  0, 0, 0, 3, 6, 0, 0, 0, 1, 0, 0, 4, 1, 1, 0);
INSERT INTO `match` VALUES (3204, 35,  0, 0, 0, 0, 0, 0, 0, 0, 0, 0, 0, 5, 1, 2, 0);
INSERT INTO `match` VALUES (1124, 35,  0, 0, 0, 3, 0, 1, 0, 0, 5, 0, 0, 3, 1, 0, 0);
INSERT INTO `match` VALUES (558, 36,  2, 0, 0, 0, 0, 0, 0, 0, 0, 0, 0, 1, 0, 1, 1);
INSERT INTO `match` VALUES (1699, 36,  2, 0, 0, 0, 6, 0, 0, 0, 2, 0, 0, 3, 0, 0, 0);
INSERT INTO `match` VALUES (1027, 36,  0, 0, 0, 0, 0, 0, 0, 0, 0, 0, 0, 0, 0, 0, 0);
INSERT INTO `match` VALUES (195, 36,  3, 0, 0, 0, 7, 1, 0, 0, 6, 9, 0, 4, 0, 0, 0);
INSERT INTO `match` VALUES (177, 36,  3, 0, 0, 0, 4, 11, 0, 0, 13, 0, 0, 4, 0, 0, 0);
INSERT INTO `match` VALUES (2785, 36,  0, 0, 0, 0, 0, 0, 0, 0, 0, 0, 0, 2, 0, 0, 0);
INSERT INTO `match` VALUES (3464, 37,  2, 0, 0, 0, 6, 0, 0, 0, 1, 0, 0, 3, 1, 0, 0);
INSERT INTO `match` VALUES (1289, 37,  0, 0, 0, 0, 0, 7, 0, 0, 3, 0, 0, 3, 1, 0, 0);
INSERT INTO `match` VALUES (3461, 37,  0, 1, 0, 2, 0, 2, 0, 0, 1, 0, 0, 2, 1, 1, 0);
INSERT INTO `match` VALUES (2067, 37,  4, 0, 0, 0, 9, 0, 0, 0, 6, 0, 0, 4, 0, 0, 0);
INSERT INTO `match` VALUES (95, 37,  0, 0, 0, 0, 0, 0, 2, 0, 1, 0, 0, 3, 0, 0, 0);
INSERT INTO `match` VALUES (3104, 37,  3, 0, 0, 0, 0, 0, 0, 0, 0, 0, 0, 4, 1, 0, 0);
INSERT INTO `match` VALUES (230, 38,  3, 0, 0, 0, 10, 0, 0, 0, 2, 0, 0, 4, 1, 2, 0);
INSERT INTO `match` VALUES (395, 38,  0, 0, 0, 2, 0, 0, 0, 0, 1, 0, 0, 3, 1, 0, 0);
INSERT INTO `match` VALUES (1740, 38,  0, 0, 0, 2, 0, 0, 0, 0, 0, 0, 0, 2, 0, 0, 0);
INSERT INTO `match` VALUES (4254, 38,  0, 0, 0, 0, 0, 0, 0, 0, 0, 0, 0, 1, 1, 0, 0);
INSERT INTO `match` VALUES (3059, 38,  0, 0, 0, 0, 0, 0, 0, 0, 0, 0, 0, 4, 1, 3, 0);
INSERT INTO `match` VALUES (2836, 38,  0, 0, 0, 0, 0, 0, 0, 0, 2, 0, 0, 3, 1, 0, 0);
INSERT INTO `match` VALUES (20, 39,  4, 0, 0, 0, 15, 0, 0, 0, 0, 0, 0, 4, 1, 1, 0);
INSERT INTO `match` VALUES (1784, 39,  0, 0, 0, 0, 0, 0, 0, 0, 0, 0, 0, 0, 1, 3, 0);
INSERT INTO `match` VALUES (4055, 39,  2, 0, 0, 0, 0, 0, 0, 0, 1, 0, 0, 2, 0, 0, 0);
INSERT INTO `match` VALUES (4609, 39,  2, 0, 0, 1, 0, 0, 0, 0, 3, 0, 0, 2, 0, 0, 0);
INSERT INTO `match` VALUES (3718, 39,  0, 0, 0, 1, 0, 4, 0, 0, 3, 0, 0, 2, 0, 0, 0);
INSERT INTO `match` VALUES (173, 38,  0, 0, 0, 0, 0, 1, 0, 0, 0, 0, 0, 2, 1, 0, 0);
INSERT INTO `match` VALUES (175, 40,  0, 0, 0, 1, 2, 0, 0, 0, 4, 1, 0, 2, 1, 1, 0);
INSERT INTO `match` VALUES (3204, 40,  0, 0, 0, 0, 0, 0, 0, 0, 0, 0, 0, 0, 1, 2, 0);
INSERT INTO `match` VALUES (4628, 40,  0, 0, 3, 0, 0, 0, 5, 0, 1, 0, 0, 4, 1, 1, 0);
INSERT INTO `match` VALUES (3634, 40,  0, 0, 0, 0, 1, 0, 0, 0, 2, 0, 0, 2, 0, 0, 0);
INSERT INTO `match` VALUES (999, 40,  0, 0, 0, 0, 0, 0, 0, 0, 0, 0, 0, 3, 1, 1, 0);
INSERT INTO `match` VALUES (4097, 40,  0, 0, 0, 2, 1, 0, 0, 0, 3, 0, 0, 2, 0, 0, 0);
INSERT INTO `match` VALUES (2064, 41,  0, 0, 0, 0, 0, 0, 0, 0, 0, 0, 0, 0, 1, 3, 0);
INSERT INTO `match` VALUES (1027, 41,  3, 0, 0, 0, 0, 0, 0, 0, 0, 0, 0, 3, 1, 0, 0);
INSERT INTO `match` VALUES (1699, 41,  3, 0, 0, 0, 6, 0, 0, 0, 0, 0, 0, 3, 0, 0, 0);
INSERT INTO `match` VALUES (1991, 41,  3, 0, 0, 0, 4, 0, 0, 0, 3, 0, 0, 4, 1, 0, 0);
INSERT INTO `match` VALUES (571, 41,  0, 0, 0, 1, 3, 0, 0, 0, 1, 0, 0, 3, 1, 1, 0);
INSERT INTO `match` VALUES (2205, 41,  0, 0, 0, 0, 0, 0, 0, 0, 0, 0, 0, 2, 0, 0, 0);
INSERT INTO `match` VALUES (1665, 42,  0, 0, 2, 0, 0, 0, 4, 0, 0, 0, 0, 4, 1, 1, 0);
INSERT INTO `match` VALUES (236, 42,  1, 0, 0, 2, 1, 0, 0, 0, 2, 1, 1, 3, 1, 3, 0);
INSERT INTO `match` VALUES (4812, 42,  0, 0, 0, 0, 0, 0, 0, 0, 0, 0, 0, 2, 0, 0, 0);
INSERT INTO `match` VALUES (1071, 42,  0, 1, 0, 2, 0, 7, 0, 0, 1, 0, 0, 3, 0, 0, 0);
INSERT INTO `match` VALUES (4572, 42,  0, 0, 2, 0, 0, 0, 0, 0, 0, 0, 0, 3, 1, 1, 0);
INSERT INTO `match` VALUES (3461, 42,  0, 0, 0, 3, 0, 0, 0, 0, 0, 0, 0, 2, 0, 0, 0);
INSERT INTO `match` VALUES (3059, 43,  0, 0, 0, 0, 0, 0, 0, 0, 0, 0, 0, 3, 1, 2, 0);
INSERT INTO `match` VALUES (3464, 43,  3, 0, 0, 0, 1, 0, 0, 0, 2, 0, 0, 4, 1, 1, 0);
INSERT INTO `match` VALUES (195, 43,  3, 0, 0, 0, 30, 1, 0, 0, 4, 0, 0, 2, 1, 1, 0);
INSERT INTO `match` VALUES (3718, 43,  0, 0, 0, 0, 0, 0, 0, 0, 0, 0, 0, 2, 1, 1, 0);
INSERT INTO `match` VALUES (228, 43,  1, 0, 0, 2, 7, 0, 0, 0, 4, 0, 1, 4, 1, 1, 0);
INSERT INTO `match` VALUES (2168, 43,  3, 0, 0, 0, 5, 0, 0, 0, 3, 0, 0, 3, 1, 1, 0);
INSERT INTO `match` VALUES (95, 44,  0, 0, 0, 0, 0, 0, 0, 0, 0, 0, 0, 1, 1, 0, 0);
INSERT INTO `match` VALUES (263, 44,  0, 0, 0, 0, 0, 0, 0, 0, 0, 0, 0, 4, 1, 3, 0);
INSERT INTO `match` VALUES (2785, 44,  0, 0, 0, 0, 0, 0, 0, 0, 0, 0, 1, 3, 1, 1, 0);
INSERT INTO `match` VALUES (1218, 44,  3, 0, 0, 0, 10, 0, 0, 0, 6, 0, 0, 3, 1, 1, 0);
INSERT INTO `match` VALUES (2067, 44,  5, 0, 0, 0, 13, 0, 0, 0, 3, 0, 0, 3, 1, 1, 0);
INSERT INTO `match` VALUES (839, 44,  1, 0, 0, 2, 0, 3, 0, 0, 1, 1, 0, 3, 1, 1, 0);
INSERT INTO `match` VALUES (3146, 45,  3, 0, 0, 0, 5, 0, 0, 0, 5, 0, 0, 3, 1, 1, 0);
INSERT INTO `match` VALUES (3555, 45,  0, 0, 2, 0, 1, 0, 0, 0, 1, 0, 0, 3, 0, 0, 0);
INSERT INTO `match` VALUES (4134, 45,  2, 0, 0, 1, 6, 0, 0, 0, 3, 0, 0, 4, 1, 1, 0);
INSERT INTO `match` VALUES (694, 45,  4, 0, 0, 1, 14, 2, 0, 0, 1, 0, 0, 3, 0, 0, 0);
INSERT INTO `match` VALUES (1124, 45,  0, 0, 2, 0, 0, 0, 0, 0, 0, 0, 0, 2, 1, 1, 0);
INSERT INTO `match` VALUES (558, 45,  2, 0, 0, 0, 0, 1, 0, 3, 3, 0, 0, 3, 1, 1, 0);
INSERT INTO `match` VALUES (177, 46,  3, 0, 0, 0, 14, 0, 0, 0, 3, 0, 0, 4, 1, 1, 0);
INSERT INTO `match` VALUES (1289, 46,  0, 0, 0, 0, 0, 9, 0, 0, 4, 0, 0, 3, 0, 0, 0);
INSERT INTO `match` VALUES (237, 46,  0, 0, 0, 0, 0, 0, 0, 0, 0, 0, 0, 2, 1, 3, 0);
INSERT INTO `match` VALUES (2170, 46,  0, 0, 0, 0, 0, 0, 0, 4, 0, 0, 0, 3, 1, 3, 0);
INSERT INTO `match` VALUES (178, 46,  5, 0, 0, 0, 2, 4, 0, 0, 2, 0, 0, 4, 1, 1, 0);
INSERT INTO `match` VALUES (3525, 46,  4, 0, 0, 0, 0, 3, 0, 0, 0, 0, 0, 3, 1, 1, 0);
INSERT INTO `match` VALUES (395, 47,  1, 0, 0, 2, 3, 1, 0, 0, 2, 0, 0, 2, 1, 0, 0);
INSERT INTO `match` VALUES (1784, 47,  0, 0, 0, 0, 0, 0, 0, 0, 0, 0, 0, 1, 1, 3, 0);
INSERT INTO `match` VALUES (999, 47,  0, 0, 0, 1, 0, 0, 0, 0, 0, 0, 0, 4, 1, 0, 0);
INSERT INTO `match` VALUES (3182, 47,  0, 0, 0, 0, 0, 0, 0, 0, 0, 0, 1, 3, 1, 1, 0);
INSERT INTO `match` VALUES (181, 47,  1, 0, 0, 1, 1, 0, 0, 0, 1, 0, 1, 3, 1, 1, 0);
INSERT INTO `match` VALUES (236, 47,  2, 0, 0, 1, 0, 0, 0, 0, 3, 3, 0, 3, 1, 2, 0);
INSERT INTO `match` VALUES (3204, 48,  0, 0, 0, 0, 0, 0, 0, 0, 0, 0, 0, 1, 1, 1, 0);
INSERT INTO `match` VALUES (2836, 48,  0, 0, 0, 1, 0, 0, 0, 0, 0, 0, 0, 4, 1, 1, 0);
INSERT INTO `match` VALUES (3719, 48,  0, 0, 0, 0, 0, 0, 0, 0, 0, 0, 0, 2, 1, 0, 0);
INSERT INTO `match` VALUES (1699, 48,  3, 0, 0, 0, 10, 0, 0, 0, 0, 0, 0, 2, 0, 0, 0);
INSERT INTO `match` VALUES (4572, 48,  0, 0, 3, 0, 0, 0, 0, 0, 0, 0, 0, 4, 0, 0, 0);
INSERT INTO `match` VALUES (228, 48,  3, 0, 0, 0, 8, 0, 0, 0, 2, 5, 0, 5, 1, 1, 0);
INSERT INTO `match` VALUES (839, 49,  0, 0, 0, 3, 0, 0, 0, 0, 4, 0, 0, 3, 1, 1, 0);
INSERT INTO `match` VALUES (3059, 49,  0, 0, 0, 0, 0, 0, 0, 0, 0, 0, 0, 1, 1, 3, 0);
INSERT INTO `match` VALUES (2064, 49,  0, 0, 0, 0, 0, 0, 0, 0, 0, 0, 0, 2, 1, 2, 0);
INSERT INTO `match` VALUES (1665, 49,  0, 0, 2, 0, 0, 0, 0, 0, 0, 0, 0, 3, 1, 1, 0);
INSERT INTO `match` VALUES (20, 49,  4, 0, 0, 0, 16, 0, 0, 0, 1, 0, 0, 3, 1, 1, 0);
INSERT INTO `match` VALUES (999, 49,  0, 0, 0, 0, 0, 0, 0, 0, 0, 0, 0, 1, 1, 1, 0);
INSERT INTO `match` VALUES (1991, 50,  3, 0, 0, 0, 0, 0, 0, 0, 5, 0, 0, 3, 1, 2, 0);
INSERT INTO `match` VALUES (4134, 50,  0, 0, 0, 0, 3, 0, 0, 0, 0, 0, 1, 3, 1, 1, 0);
INSERT INTO `match` VALUES (3718, 50,  1, 0, 0, 2, 0, 3, 0, 0, 0, 0, 0, 3, 1, 1, 0);
INSERT INTO `match` VALUES (2067, 50,  4, 0, 0, 0, 4, 0, 0, 0, 10, 0, 0, 4, 1, 1, 0);
INSERT INTO `match` VALUES (2168, 50,  0, 0, 0, 0, 9, 0, 0, 0, 3, 0, 0, 5, 1, 1, 0);
INSERT INTO `match` VALUES (4097, 50,  3, 0, 0, 0, 0, 0, 0, 0, 2, 0, 0, 4, 1, 0, 0);
INSERT INTO `match` VALUES (3464, 51,  1, 0, 0, 0, 8, 0, 0, 0, 0, 0, 0, 2, 1, 1, 0);
INSERT INTO `match` VALUES (3555, 51,  0, 0, 0, 2, 1, 0, 0, 0, 2, 0, 0, 2, 0, 0, 0);
INSERT INTO `match` VALUES (1027, 51,  0, 0, 0, 0, 0, 0, 0, 0, 0, 0, 0, 0, 1, 0, 0);
INSERT INTO `match` VALUES (175, 51,  4, 0, 0, 1, 1, 0, 0, 0, 3, 0, 0, 4, 1, 1, 0);
INSERT INTO `match` VALUES (178, 51,  0, 0, 0, 1, 6, 0, 0, 0, 5, 0, 0, 5, 0, 0, 0);
INSERT INTO `match` VALUES (263, 51,  0, 0, 0, 0, 0, 0, 0, 0, 0, 0, 0, 1, 1, 2, 0);
INSERT INTO `match` VALUES (4628, 52,  0, 0, 2, 0, 0, 0, 8, 0, 0, 0, 0, 3, 1, 1, 0);
INSERT INTO `match` VALUES (395, 52,  0, 1, 0, 1, 0, 2, 0, 0, 1, 0, 0, 3, 1, 0, 0);
INSERT INTO `match` VALUES (3461, 52,  0, 0, 0, 3, 0, 0, 0, 0, 1, 0, 0, 3, 1, 1, 0);
INSERT INTO `match` VALUES (237, 52,  0, 0, 0, 0, 0, 0, 0, 0, 0, 0, 0, 5, 1, 2, 0);
INSERT INTO `match` VALUES (2785, 52,  0, 0, 0, 3, 0, 0, 0, 0, 0, 0, 1, 2, 1, 1, 0);
INSERT INTO `match` VALUES (1071, 52,  0, 0, 0, 3, 0, 0, 0, 0, 3, 0, 0, 0, 1, 1, 0);
INSERT INTO `match` VALUES (2170, 53,  0, 0, 0, 0, 0, 0, 0, 4, 0, 0, 0, 3, 1, 3, 0);
INSERT INTO `match` VALUES (3525, 53,  2, 0, 0, 1, 0, 3, 0, 0, 4, 0, 0, 1, 1, 1, 0);
INSERT INTO `match` VALUES (2205, 53,  0, 0, 0, 0, 0, 0, 0, 0, 0, 0, 0, 2, 0, 0, 0);
INSERT INTO `match` VALUES (4254, 53,  0, 0, 0, 0, 0, 0, 0, 0, 0, 0, 0, 0, 0, 0, 0);
INSERT INTO `match` VALUES (4609, 53,  1, 0, 0, 0, 0, 2, 0, 0, 8, 0, 0, 2, 0, 0, 0);
INSERT INTO `match` VALUES (558, 53,  2, 0, 0, 0, 3, 0, 0, 0, 6, 0, 0, 5, 1, 1, 0);
INSERT INTO `match` VALUES (4812, 54,  0, 0, 0, 0, 0, 0, 0, 0, 0, 0, 0, 1, 0, 0, 0);
INSERT INTO `match` VALUES (3104, 54,  0, 0, 0, 3, 0, 3, 0, 0, 2, 0, 0, 1, 1, 1, 0);
INSERT INTO `match` VALUES (1124, 54,  0, 0, 0, 3, 0, 3, 0, 0, 11, 0, 0, 5, 1, 0, 0);
INSERT INTO `match` VALUES (3634, 54,  0, 0, 0, 0, 0, 1, 0, 0, 1, 0, 0, 1, 0, 0, 0);
INSERT INTO `match` VALUES (4055, 54,  0, 0, 0, 3, 2, 2, 0, 0, 15, 0, 0, 3, 0, 0, 0);
INSERT INTO `match` VALUES (195, 54,  3, 0, 0, 1, 30, 0, 0, 0, 8, 0, 0, 3, 1, 1, 0);
INSERT INTO `match` VALUES (181, 55,  0, 0, 0, 2, 0, 0, 0, 0, 0, 0, 1, 3, 1, 0, 0);
INSERT INTO `match` VALUES (694, 55,  3, 0, 0, 0, 0, 0, 0, 0, 0, 0, 0, 3, 1, 1, 0);
INSERT INTO `match` VALUES (230, 55,  1, 0, 0, 1, 8, 0, 0, 0, 3, 0, 0, 3, 1, 1, 0);
INSERT INTO `match` VALUES (95, 55,  0, 0, 0, 0, 0, 0, 0, 0, 0, 0, 0, 2, 1, 0, 1);
INSERT INTO `match` VALUES (177, 55,  3, 0, 0, 0, 4, 2, 0, 0, 18, 15, 0, 3, 1, 1, 1);
INSERT INTO `match` VALUES (571, 55,  1, 0, 0, 1, 0, 0, 0, 0, 1, 0, 0, 3, 1, 1, 0);
INSERT INTO `match` VALUES (3182, 56,  0, 0, 0, 0, 0, 0, 1, 0, 0, 0, 0, 4, 1, 1, 0);
INSERT INTO `match` VALUES (173, 56,  0, 0, 0, 0, 0, 0, 0, 0, 0, 0, 0, 2, 1, 2, 0);
INSERT INTO `match` VALUES (3146, 56,  3, 0, 0, 0, 5, 0, 0, 0, 2, 0, 0, 2, 0, 0, 0);
INSERT INTO `match` VALUES (1289, 56,  0, 0, 0, 0, 8, 0, 0, 0, 3, 0, 0, 4, 0, 0, 0);
INSERT INTO `match` VALUES (1218, 56,  3, 0, 0, 0, 4, 0, 0, 0, 3, 0, 0, 4, 1, 0, 0);
INSERT INTO `match` VALUES (1740, 56,  0, 0, 2, 0, 0, 0, 0, 0, 0, 0, 0, 3, 0, 0, 0);
INSERT INTO `match` VALUES (1665, 57,  0, 0, 3, 0, 0, 0, 0, 0, 0, 0, 0, 3, 1, 1, 0);
INSERT INTO `match` VALUES (4097, 57,  0, 0, 0, 3, 1, 0, 0, 0, 7, 0, 0, 2, 0, 0, 0);
INSERT INTO `match` VALUES (228, 57,  1, 0, 0, 2, 11, 0, 0, 0, 1, 0, 0, 2, 1, 1, 0);
INSERT INTO `match` VALUES (1699, 57,  3, 0, 0, 0, 12, 0, 0, 0, 0, 0, 0, 3, 0, 0, 0);
INSERT INTO `match` VALUES (395, 57,  0, 1, 0, 1, 0, 3, 0, 0, 5, 0, 0, 3, 1, 0, 0);
INSERT INTO `match` VALUES (2067, 57,  2, 0, 0, 1, 8, 0, 0, 0, 6, 0, 0, 4, 1, 1, 0);
INSERT INTO `match` VALUES (999, 58,  0, 0, 0, 0, 0, 0, 0, 0, 0, 0, 0, 2, 0, 0, 0);
INSERT INTO `match` VALUES (1991, 58,  1, 0, 0, 2, 2, 0, 0, 0, 4, 0, 0, 5, 1, 1, 0);
INSERT INTO `match` VALUES (236, 58,  0, 0, 0, 0, 0, 0, 0, 4, 0, 0, 0, 3, 1, 3, 0);
INSERT INTO `match` VALUES (3464, 58,  0, 0, 0, 0, 6, 0, 0, 0, 2, 0, 0, 3, 1, 1, 0);
INSERT INTO `match` VALUES (1071, 58,  0, 1, 0, 2, 0, 0, 0, 0, 4, 0, 0, 2, 1, 1, 0);
INSERT INTO `match` VALUES (558, 58,  1, 0, 0, 2, 0, 8, 0, 0, 0, 0, 0, 4, 1, 1, 0);
INSERT INTO `match` VALUES (4134, 59,  2, 0, 0, 1, 3, 0, 0, 0, 8, 0, 0, 4, 1, 0, 0);
INSERT INTO `match` VALUES (3634, 59,  0, 0, 0, 0, 0, 0, 0, 0, 2, 0, 0, 1, 0, 0, 0);
INSERT INTO `match` VALUES (3719, 59,  0, 0, 0, 0, 0, 0, 0, 0, 0, 0, 0, 2, 1, 0, 0);
INSERT INTO `match` VALUES (3461, 59,  0, 0, 0, 0, 0, 0, 0, 0, 0, 0, 0, 2, 1, 0, 0);
INSERT INTO `match` VALUES (3525, 59,  3, 0, 0, 0, 0, 7, 0, 0, 2, 0, 0, 3, 1, 1, 0);
INSERT INTO `match` VALUES (839, 59,  2, 0, 0, 1, 3, 0, 0, 0, 2, 0, 0, 3, 1, 1, 0);
INSERT INTO `match` VALUES (236, 60,  0, 0, 0, 0, 0, 0, 0, 0, 0, 0, 0, 3, 1, 2, 0);
INSERT INTO `match` VALUES (3204, 60,  0, 0, 0, 0, 0, 0, 0, 0, 0, 0, 0, 0, 1, 2, 0);
INSERT INTO `match` VALUES (2168, 60,  3, 0, 0, 0, 2, 0, 0, 0, 2, 0, 0, 3, 0, 0, 0);
INSERT INTO `match` VALUES (178, 60,  0, 0, 0, 1, 5, 0, 0, 0, 6, 0, 0, 3, 1, 1, 0);
INSERT INTO `match` VALUES (4812, 60,  0, 0, 0, 0, 0, 0, 0, 0, 0, 0, 0, 0, 0, 0, 0);
INSERT INTO `match` VALUES (181, 60,  2, 0, 0, 1, 3, 0, 0, 0, 9, 0, 0, 3, 0, 0, 0);
INSERT INTO `match` VALUES (1289, 61,  0, 0, 0, 0, 6, 0, 0, 0, 1, 0, 0, 0, 1, 0, 0);
INSERT INTO `match` VALUES (2785, 61,  0, 0, 0, 0, 0, 0, 0, 0, 0, 0, 1, 4, 0, 0, 0);
INSERT INTO `match` VALUES (1124, 61,  0, 0, 0, 3, 0, 3, 0, 0, 7, 0, 0, 5, 0, 0, 0);
INSERT INTO `match` VALUES (1027, 61,  0, 0, 0, 0, 0, 0, 0, 0, 0, 0, 0, 3, 0, 0, 0);
INSERT INTO `match` VALUES (4254, 61,  0, 0, 0, 0, 0, 0, 0, 0, 0, 0, 0, 3, 1, 1, 0);
INSERT INTO `match` VALUES (20, 61,  0, 0, 0, 0, 14, 0, 0, 0, 3, 0, 0, 4, 1, 1, 0);
INSERT INTO `match` VALUES (3146, 62,  2, 0, 0, 1, 10, 0, 0, 0, 3, 0, 0, 2, 0, 0, 0);
INSERT INTO `match` VALUES (230, 62,  2, 0, 0, 1, 0, 0, 0, 0, 0, 0, 0, 3, 1, 2, 0);
INSERT INTO `match` VALUES (195, 62,  3, 0, 0, 0, 17, 0, 0, 0, 9, 0, 1, 0, 1, 1, 0);
INSERT INTO `match` VALUES (2170, 62,  0, 0, 0, 0, 0, 0, 0, 0, 0, 0, 1, 2, 0, 0, 1);
INSERT INTO `match` VALUES (4572, 62,  0, 0, 0, 0, 0, 0, 0, 0, 0, 0, 0, 3, 1, 1, 0);
INSERT INTO `match` VALUES (571, 62,  0, 0, 0, 1, 0, 0, 0, 0, 0, 0, 0, 2, 1, 1, 0);
INSERT INTO `match` VALUES (237, 63,  0, 0, 0, 0, 0, 0, 0, 0, 0, 0, 0, 2, 1, 0, 0);
INSERT INTO `match` VALUES (4628, 63,  0, 0, 2, 0, 0, 0, 3, 0, 0, 0, 0, 2, 1, 0, 0);
INSERT INTO `match` VALUES (694, 63,  2, 0, 0, 1, 4, 0, 0, 0, 0, 0, 0, 3, 0, 0, 0);
INSERT INTO `match` VALUES (4055, 63,  2, 0, 0, 0, 12, 0, 0, 0, 0, 0, 0, 3, 0, 0, 0);
INSERT INTO `match` VALUES (3059, 63,  0, 0, 0, 0, 0, 0, 0, 0, 0, 0, 0, 4, 1, 3, 0);
INSERT INTO `match` VALUES (3182, 63,  0, 0, 0, 0, 0, 0, 0, 0, 0, 0, 0, 2, 1, 1, 0);
INSERT INTO `match` VALUES (173, 64,  0, 0, 0, 0, 0, 0, 0, 0, 0, 0, 0, 4, 1, 1, 0);
INSERT INTO `match` VALUES (1784, 64,  0, 0, 0, 0, 0, 0, 0, 0, 0, 0, 0, 0, 1, 3, 0);
INSERT INTO `match` VALUES (95, 64,  0, 0, 0, 0, 0, 0, 0, 4, 0, 0, 0, 3, 1, 3, 0);
INSERT INTO `match` VALUES (2064, 64,  0, 0, 3, 0, 0, 0, 1, 0, 2, 0, 0, 3, 1, 2, 0);
INSERT INTO `match` VALUES (175, 64,  2, 0, 0, 3, 2, 0, 0, 0, 1, 0, 0, 3, 1, 0, 0);
INSERT INTO `match` VALUES (2836, 64,  0, 0, 0, 3, 0, 0, 0, 0, 0, 0, 0, 2, 1, 1, 0);
INSERT INTO `match` VALUES (2205, 65,  0, 0, 0, 0, 0, 0, 0, 0, 0, 0, 0, 4, 0, 0, 1);
INSERT INTO `match` VALUES (3104, 65,  0, 0, 0, 2, 0, 3, 0, 0, 4, 0, 0, 3, 1, 1, 0);
INSERT INTO `match` VALUES (1218, 65,  2, 0, 0, 1, 12, 0, 0, 0, 0, 0, 0, 4, 1, 1, 0);
INSERT INTO `match` VALUES (177, 65,  3, 0, 0, 1, 11, 0, 0, 0, 10, 0, 0, 4, 1, 1, 0);
INSERT INTO `match` VALUES (3718, 65,  2, 0, 0, 1, 0, 6, 0, 0, 1, 0, 0, 3, 1, 1, 0);
INSERT INTO `match` VALUES (3555, 65,  0, 0, 0, 0, 4, 0, 0, 0, 0, 0, 0, 3, 1, 0, 0);
INSERT INTO `match` VALUES (1071, 66,  0, 3, 0, 0, 0, 1, 0, 0, 2, 0, 0, 4, 1, 1, 0);
INSERT INTO `match` VALUES (1740, 66,  0, 0, 2, 0, 0, 0, 0, 0, 0, 0, 0, 2, 0, 0, 0);
INSERT INTO `match` VALUES (3464, 66,  2, 0, 0, 0, 6, 0, 0, 0, 0, 0, 0, 3, 1, 1, 0);
INSERT INTO `match` VALUES (4609, 66,  1, 0, 0, 2, 0, 2, 0, 0, 4, 0, 0, 2, 0, 0, 0);
INSERT INTO `match` VALUES (3204, 66,  0, 0, 0, 0, 0, 0, 0, 0, 0, 0, 0, 0, 1, 2, 0);
INSERT INTO `match` VALUES (1699, 66,  2, 0, 0, 1, 7, 0, 0, 0, 0, 0, 0, 3, 0, 0, 0);
INSERT INTO `match` VALUES (2170, 67,  0, 0, 0, 0, 0, 0, 0, 4, 0, 0, 0, 2, 1, 3, 0);
INSERT INTO `match` VALUES (4134, 67,  0, 0, 1, 2, 0, 0, 0, 0, 0, 0, 0, 4, 0, 0, 0);
INSERT INTO `match` VALUES (4572, 67,  0, 0, 1, 0, 0, 0, 0, 0, 0, 0, 0, 3, 0, 0, 1);
INSERT INTO `match` VALUES (263, 67,  0, 0, 0, 0, 0, 0, 0, 0, 0, 0, 0, 2, 1, 1, 0);
INSERT INTO `match` VALUES (20, 67,  0, 0, 0, 4, 11, 0, 0, 0, 0, 0, 0, 5, 1, 1, 0);
INSERT INTO `match` VALUES (395, 67,  0, 3, 0, 0, 0, 3, 0, 0, 1, 0, 0, 2, 1, 0, 0);
INSERT INTO `match` VALUES (1124, 68,  0, 0, 0, 3, 0, 3, 0, 0, 5, 0, 0, 2, 1, 0, 1);
INSERT INTO `match` VALUES (3525, 68,  1, 0, 0, 2, 0, 6, 0, 0, 2, 0, 0, 4, 1, 1, 0);
INSERT INTO `match` VALUES (230, 68,  5, 0, 0, 0, 6, 0, 0, 0, 2, 0, 0, 2, 1, 1, 0);
INSERT INTO `match` VALUES (999, 68,  0, 0, 0, 0, 0, 0, 0, 0, 0, 0, 0, 3, 0, 0, 0);
INSERT INTO `match` VALUES (1027, 68,  0, 0, 0, 0, 0, 0, 0, 0, 0, 0, 0, 4, 0, 0, 0);
INSERT INTO `match` VALUES (228, 68,  3, 0, 0, 0, 5, 0, 0, 0, 4, 0, 0, 5, 1, 0, 0);
INSERT INTO `match` VALUES (839, 69,  2, 0, 0, 1, 0, 0, 0, 0, 0, 0, 0, 3, 1, 1, 0);
INSERT INTO `match` VALUES (2067, 69,  3, 0, 0, 0, 10, 0, 0, 0, 6, 0, 0, 3, 1, 1, 0);
INSERT INTO `match` VALUES (571, 69,  2, 0, 0, 0, 0, 0, 0, 0, 0, 0, 1, 2, 1, 1, 0);
INSERT INTO `match` VALUES (4254, 69,  1, 0, 0, 2, 0, 0, 0, 0, 0, 0, 0, 2, 1, 0, 0);
INSERT INTO `match` VALUES (1784, 69,  0, 0, 0, 0, 0, 0, 0, 0, 0, 0, 0, 1, 1, 3, 0);
INSERT INTO `match` VALUES (195, 69,  1, 0, 0, 2, 3, 2, 0, 0, 12, 0, 0, 4, 1, 1, 0);
INSERT INTO `match` VALUES (3718, 70,  2, 0, 0, 1, 0, 1, 0, 0, 7, 0, 0, 3, 0, 0, 0);
INSERT INTO `match` VALUES (178, 70,  3, 0, 0, 0, 0, 0, 1, 0, 1, 0, 0, 3, 1, 1, 0);
INSERT INTO `match` VALUES (4055, 70,  0, 0, 0, 2, 0, 0, 0, 0, 0, 0, 0, 2, 0, 0, 0);
INSERT INTO `match` VALUES (558, 70,  3, 0, 0, 0, 0, 1, 0, 2, 9, 0, 0, 5, 1, 0, 0);
INSERT INTO `match` VALUES (175, 70,  2, 0, 0, 1, 10, 0, 0, 0, 2, 0, 0, 4, 1, 1, 0);
INSERT INTO `match` VALUES (3719, 70,  0, 0, 0, 0, 0, 0, 0, 0, 0, 0, 0, 3, 0, 0, 0);
INSERT INTO `match` VALUES (1991, 71,  0, 0, 0, 3, 0, 0, 0, 0, 0, 0, 0, 3, 1, 0, 0);
INSERT INTO `match` VALUES (4097, 71,  3, 0, 0, 0, 2, 0, 0, 0, 4, 0, 0, 2, 0, 0, 0);
INSERT INTO `match` VALUES (3461, 71,  1, 0, 0, 2, 0, 2, 0, 0, 0, 0, 0, 2, 1, 2, 0);
INSERT INTO `match` VALUES (3146, 71,  2, 0, 0, 0, 6, 0, 0, 0, 7, 0, 0, 2, 0, 0, 0);
INSERT INTO `match` VALUES (3059, 71,  0, 0, 0, 0, 0, 0, 0, 0, 0, 0, 0, 0, 1, 3, 0);
INSERT INTO `match` VALUES (1218, 71,  3, 0, 0, 0, 6, 0, 0, 0, 2, 0, 0, 4, 1, 1, 0);
INSERT INTO `match` VALUES (3634, 72,  0, 0, 0, 1, 0, 0, 0, 0, 1, 0, 0, 1, 0, 0, 0);
INSERT INTO `match` VALUES (237, 72,  0, 0, 0, 0, 0, 0, 0, 0, 0, 0, 0, 0, 1, 3, 0);
INSERT INTO `match` VALUES (2168, 72,  3, 0, 0, 0, 8, 0, 0, 0, 0, 0, 0, 4, 1, 1, 0);
INSERT INTO `match` VALUES (95, 72,  0, 0, 0, 0, 0, 0, 0, 0, 0, 0, 0, 5, 1, 1, 0);
INSERT INTO `match` VALUES (173, 72,  0, 0, 0, 0, 0, 0, 0, 0, 0, 0, 0, 3, 1, 2, 0);
INSERT INTO `match` VALUES (3555, 72,  0, 0, 0, 3, 1, 0, 0, 0, 3, 0, 0, 2, 1, 0, 0);
INSERT INTO `match` VALUES (3104, 73,  3, 0, 0, 0, 0, 0, 0, 0, 0, 0, 0, 2, 1, 1, 0);
INSERT INTO `match` VALUES (177, 73,  3, 0, 0, 0, 13, 1, 0, 0, 19, 33, 0, 4, 1, 1, 0);
INSERT INTO `match` VALUES (694, 73,  3, 0, 0, 0, 8, 0, 0, 0, 4, 0, 0, 4, 1, 1, 0);
INSERT INTO `match` VALUES (4812, 73,  0, 0, 0, 0, 0, 0, 0, 0, 0, 0, 0, 0, 0, 0, 0);
INSERT INTO `match` VALUES (2064, 73,  0, 0, 0, 0, 0, 0, 0, 0, 0, 0, 0, 2, 1, 3, 0);
INSERT INTO `match` VALUES (1740, 73,  0, 0, 2, 0, 0, 0, 0, 0, 0, 0, 0, 2, 0, 0, 0);
INSERT INTO `match` VALUES (4628, 74,  0, 0, 3, 0, 0, 0, 3, 0, 0, 0, 0, 4, 1, 0, 1);
INSERT INTO `match` VALUES (236, 74,  2, 0, 0, 1, 0, 0, 0, 0, 0, 0, 0, 2, 1, 2, 0);
INSERT INTO `match` VALUES (2836, 74,  0, 0, 0, 0, 0, 0, 0, 0, 3, 0, 0, 2, 1, 0, 0);
INSERT INTO `match` VALUES (2785, 74,  0, 0, 0, 0, 0, 0, 0, 0, 0, 0, 0, 3, 1, 1, 1);
INSERT INTO `match` VALUES (2205, 74,  0, 0, 0, 0, 0, 0, 0, 0, 2, 0, 0, 1, 0, 0, 0);
INSERT INTO `match` VALUES (1289, 74,  0, 0, 0, 0, 4, 0, 0, 0, 1, 0, 0, 3, 1, 0, 0);
INSERT INTO `match` VALUES (2067, 75,  4, 0, 0, 0, 11, 1, 0, 0, 3, 0, 0, 4, 1, 1, 0);
INSERT INTO `match` VALUES (3719, 75,  0, 0, 0, 0, 0, 0, 0, 0, 0, 0, 0, 3, 0, 0, 0);
INSERT INTO `match` VALUES (4609, 75,  0, 1, 0, 2, 0, 3, 0, 0, 3, 0, 0, 2, 0, 0, 0);
INSERT INTO `match` VALUES (181, 75,  2, 0, 0, 1, 0, 0, 0, 0, 6, 0, 0, 3, 1, 0, 0);
INSERT INTO `match` VALUES (3182, 75,  0, 0, 2, 0, 0, 0, 0, 0, 0, 0, 0, 3, 1, 1, 0);
INSERT INTO `match` VALUES (1665, 75,  0, 0, 0, 0, 0, 0, 3, 0, 0, 0, 0, 2, 1, 1, 0);
INSERT INTO `match` VALUES (558, 76,  2, 0, 0, 0, 0, 0, 0, 0, 3, 0, 0, 5, 1, 1, 0);
INSERT INTO `match` VALUES (228, 76,  3, 0, 0, 0, 11, 0, 0, 0, 1, 0, 1, 0, 1, 1, 0);
INSERT INTO `match` VALUES (1784, 76,  0, 0, 0, 0, 0, 0, 0, 0, 0, 0, 0, 1, 1, 0, 0);
INSERT INTO `match` VALUES (263, 76,  0, 0, 0, 0, 0, 0, 0, 0, 0, 0, 0, 2, 0, 0, 0);
INSERT INTO `match` VALUES (230, 76,  2, 0, 0, 1, 3, 1, 0, 0, 4, 0, 0, 3, 1, 0, 0);
INSERT INTO `match` VALUES (3461, 76,  0, 0, 0, 3, 0, 0, 0, 0, 0, 0, 0, 2, 1, 1, 1);
INSERT INTO `match` VALUES (178, 77,  0, 0, 0, 0, 5, 0, 0, 0, 3, 0, 0, 0, 1, 1, 0);
INSERT INTO `match` VALUES (173, 77,  0, 0, 0, 0, 0, 0, 0, 0, 0, 0, 0, 3, 1, 0, 0);
INSERT INTO `match` VALUES (20, 77,  1, 0, 0, 3, 12, 0, 0, 0, 1, 0, 0, 4, 1, 1, 0);
INSERT INTO `match` VALUES (1991, 77,  0, 0, 0, 0, 0, 0, 0, 0, 0, 0, 0, 1, 1, 1, 0);
INSERT INTO `match` VALUES (195, 77,  3, 0, 0, 0, 0, 0, 0, 0, 2, 0, 1, 3, 1, 1, 0);
INSERT INTO `match` VALUES (1071, 77,  1, 0, 0, 2, 0, 0, 0, 0, 0, 0, 0, 3, 1, 1, 0);
INSERT INTO `match` VALUES (4812, 78,  0, 0, 0, 0, 0, 0, 0, 0, 0, 0, 1, 3, 0, 0, 1);
INSERT INTO `match` VALUES (4254, 78,  0, 0, 0, 0, 0, 0, 0, 0, 0, 0, 0, 0, 1, 0, 0);
INSERT INTO `match` VALUES (237, 78,  0, 0, 0, 0, 0, 0, 0, 0, 0, 0, 0, 0, 1, 3, 0);
INSERT INTO `match` VALUES (3146, 78,  2, 0, 0, 0, 4, 0, 0, 0, 4, 0, 0, 2, 0, 0, 0);
INSERT INTO `match` VALUES (175, 78,  0, 0, 0, 3, 4, 0, 0, 0, 4, 0, 0, 3, 1, 1, 1);
INSERT INTO `match` VALUES (1699, 78,  1, 0, 0, 0, 8, 0, 0, 0, 2, 0, 0, 2, 0, 0, 0);
INSERT INTO `match` VALUES (3146, 79,  0, 0, 0, 0, 0, 0, 0, 0, 0, 0, 0, 2, 1, 0, 0);
INSERT INTO `match` VALUES (571, 79,  2, 0, 0, 0, 0, 1, 0, 0, 2, 0, 0, 4, 1, 0, 0);
INSERT INTO `match` VALUES (3104, 79,  1, 0, 0, 2, 0, 0, 0, 0, 2, 0, 0, 3, 1, 0, 0);
INSERT INTO `match` VALUES (2168, 79,  2, 0, 0, 1, 14, 0, 0, 0, 3, 0, 0, 4, 1, 1, 0);
INSERT INTO `match` VALUES (839, 79,  1, 0, 0, 2, 0, 0, 0, 0, 0, 0, 0, 0, 1, 1, 0);
INSERT INTO `match` VALUES (4628, 79,  0, 0, 0, 0, 0, 0, 1, 0, 2, 0, 0, 2, 1, 0, 0);
INSERT INTO `match` VALUES (2785, 80,  0, 0, 0, 0, 0, 0, 0, 0, 0, 0, 1, 3, 1, 1, 0);
INSERT INTO `match` VALUES (181, 80,  3, 0, 0, 0, 0, 0, 0, 0, 0, 0, 0, 3, 0, 0, 0);
INSERT INTO `match` VALUES (2064, 80,  0, 0, 0, 2, 0, 0, 0, 0, 0, 0, 0, 1, 1, 1, 0);
INSERT INTO `match` VALUES (3464, 80,  1, 0, 0, 1, 0, 4, 0, 0, 2, 0, 0, 2, 1, 1, 0);
INSERT INTO `match` VALUES (3525, 80,  3, 0, 0, 0, 0, 8, 0, 0, 3, 0, 0, 3, 1, 1, 0);
INSERT INTO `match` VALUES (1218, 80,  3, 0, 0, 0, 8, 0, 0, 0, 8, 0, 0, 5, 1, 1, 0);

CREATE TABLE IF NOT EXISTS `averages` (
  `team` int(11),
  `match` int(11),
  `Auto High` REAL,
  `Auto Middle` REAL,
  `Auto Low` REAL,
  `Auto Miss` REAL,
  `Teleop High` REAL,
  `Teleop Middle` REAL,
  `Teleop Low` REAL,
  `Teleop Pyramid` REAL,
  `Teleop Miss` REAL,
  `Discs over Auto Line` REAL,
  `Block Shots` REAL,
  `Speed` REAL,
  `Climb Attempt` REAL,
  `Climb Level` REAL,
  `Illegal Actions` REAL,
  `Points Contributed` REAL
);

CREATE TABLE IF NOT EXISTS `pit` (
  `team` int(11),
  `role` text,
  `drivetrain` text,
  `blocker` text
);

--INSERT INTO `pit` (`team`, `role`, `drivetrain`, `blocker`) VALUES
INSERT INTO `pit` VALUES (20, 'Near-Fielder; Floor-pickup', '6 Wheel WCD, KOP wheels', '83 inches');
INSERT INTO `pit` VALUES (95, 'Climber', '4 Wheel Drive, KOP wheels.', '84 inches.');
INSERT INTO `pit` VALUES (177, 'FCS, Cycler', 'Traction limited 6 CIM.', 'None, but robot is 60in tall.');
INSERT INTO `pit` VALUES (195, 'FCS', '4WD, front two are omnis', 'Can raise tray to ~70 inches.');
INSERT INTO `pit` VALUES (4525, 'Climber', '4WD, Traction wheels', 'None, hooks go to 60in.');

CREATE TABLE IF NOT EXISTS `schedule` (
  `match` int(11) NOT NULL,
  `red1` int(11) NOT NULL,
  `red2` int(11) NOT NULL,
  `red3` int(11) NOT NULL,
  `blue1` int(11) NOT NULL,
  `blue2` int(11) NOT NULL,
  `blue3` int(11) NOT NULL,
  `redScore` int(11) DEFAULT NULL,
  `blueScore` int(11) DEFAULT NULL
);

-- INSERT INTO `schedule` (`match`, `red1`, `red2`, `red3`, `blue1`, `blue2`, `blue3`, `redScore`, `blueScore`) VALUES
INSERt INTo `schedule` VALUES (1, 230, 3464, 1784, 4628, 1665, 2205, 86, 17);
INSERt INTo `schedule` VALUES (2, 2170, 1991, 3182, 3059, 1027, 95, 65, 35);
INSERt INTo `schedule` VALUES (3, 3461, 178, 3104, 999, 3555, 1699, 47, 2);
INSERt INTo `schedule` VALUES (4, 3204, 571, 3525, 4055, 395, 173, 38, 32);
INSERt INTo `schedule` VALUES (5, 4812, 1124, 2836, 1218, 558, 237, 9, 93);
INSERt INTo `schedule` VALUES (6, 1071, 263, 3718, 228, 4254, 2064, 24, 100);
INSERt INTo `schedule` VALUES (7, 4572, 694, 4097, 181, 839, 1289, 43, 45);
INSERt INTo `schedule` VALUES (8, 4609, 1740, 2785, 175, 4134, 195, 2, 144);
INSERt INTo `schedule` VALUES (9, 2168, 3146, 3719, 177, 3634, 236, 30, 107);
INSERt INTo `schedule` VALUES (10, 20, 558, 3104, 2067, 3204, 230, 113, 93);
INSERt INTo `schedule` VALUES (11, 4628, 178, 228, 4254, 1218, 95, 68, 31);
INSERt INTo `schedule` VALUES (12, 3718, 2064, 2170, 3461, 1124, 181, 90, 24);
INSERt INTo `schedule` VALUES (13, 4812, 1027, 839, 2836, 4609, 3464, 18, 16);
INSERt INTo `schedule` VALUES (14, 1740, 999, 1784, 571, 2785, 3719, 45, 36);
INSERt INTo `schedule` VALUES (15, 395, 694, 3634, 175, 20, 2168, 53, 116);
INSERt INTo `schedule` VALUES (16, 173, 4134, 236, 1699, 3059, 4572, 116, 52);
INSERt INTo `schedule` VALUES (17, 3182, 3555, 1071, 195, 3525, 4097, 28, 86);
INSERt INTo `schedule` VALUES (18, 177, 4055, 263, 1665, 1991, 1289, 82, 49);
INSERt INTo `schedule` VALUES (19, 3146, 2205, 999, 237, 2067, 181, 13, 55);
INSERt INTo `schedule` VALUES (20, 4628, 2064, 558, 178, 839, 395, 54, 58);
INSERt INTo `schedule` VALUES (21, 173, 230, 2170, 2785, 228, 4812, 73, 77);
INSERt INTo `schedule` VALUES (22, 3182, 4572, 571, 3634, 3464, 3718, 26, 42);
INSERt INTo `schedule` VALUES (23, 20, 3555, 1218, 3719, 4254, 236, 125, 32);
INSERt INTo `schedule` VALUES (24, 4055, 3461, 1740, 2205, 2168, 1027, 20, 32);
INSERt INTo `schedule` VALUES (25, 2836, 3146, 3104, 263, 4097, 4609, 32, 26);
INSERt INTo `schedule` VALUES (26, 3525, 237, 1699, 694, 1784, 1991, 53, 95);
INSERt INTo `schedule` VALUES (27, 4134, 1289, 95, 3204, 1665, 195, 64, 74);
INSERt INTo `schedule` VALUES (28, 3059, 1071, 2067, 175, 177, 1124, 66, 102);
INSERt INTo `schedule` VALUES (29, 4055, 2168, 4254, 2064, 999, 4572, 39, 50);
INSERt INTo `schedule` VALUES (30, 3555, 181, 2836, 228, 20, 571, 12, 124);
INSERt INTo `schedule` VALUES (31, 4097, 237, 178, 4609, 230, 236, 57, 76);
INSERt INTo `schedule` VALUES (32, 3146, 3525, 1665, 3718, 1740, 4628, 51, 16);
INSERt INTo `schedule` VALUES (33, 3719, 263, 2205, 173, 694, 4812, 9, 89);
INSERt INTo `schedule` VALUES (34, 1784, 1071, 1218, 2170, 3634, 4134, 64, 53);
INSERt INTo `schedule` VALUES (35, 1124, 1991, 3204, 3182, 175, 839, 50, 98);
INSERt INTo `schedule` VALUES (36, 2785, 1027, 195, 177, 558, 1699, 51, 92);
INSERt INTo `schedule` VALUES (37, 3464, 1289, 3461, 3104, 2067, 95, 62, 71);
INSERt INTo `schedule` VALUES (38, 395, 4254, 2836, 3059, 230, 1740, 2, 95);
INSERt INTo `schedule` VALUES (39, 4055, 1784, 20, 3718, 4609, 173, 116, 26);
INSERt INTo `schedule` VALUES (40, 3204, 3634, 175, 4628, 4097, 999, 41, 35);
INSERt INTo `schedule` VALUES (41, 2205, 571, 2064, 1027, 1699, 1991, 39, 66);
INSERt INTo `schedule` VALUES (42, 236, 4572, 4812, 3461, 1665, 1071, 53, 37);
INSERt INTo `schedule` VALUES (43, 3719, 228, 3059, 2168, 195, 3464, 70, 176);
INSERt INTo `schedule` VALUES (44, 839, 2067, 1218, 263, 95, 2785, 123, 30);
INSERt INTo `schedule` VALUES (45, 4134, 694, 3146, 1124, 558, 3555, 128, 56);
INSERt INTo `schedule` VALUES (46, 178, 3525, 2170, 237, 1289, 177, 127, 91);
INSERt INTo `schedule` VALUES (47, 181, 395, 236, 3182, 3104, 1784, 48, 36);
INSERt INTo `schedule` VALUES (48, 2836, 1699, 228, 3204, 4572, 3719, 91, 4);
INSERt INTo `schedule` VALUES (49, 1665, 20, 999, 839, 3059, 2064, 106, 67);
INSERt INTo `schedule` VALUES (50, 4134, 1991, 4097, 2067, 2168, 3718, 65, 119);
INSERt INTo `schedule` VALUES (51, 263, 1027, 3464, 175, 3555, 178, 65, 65);
INSERt INTo `schedule` VALUES (52, 237, 2785, 1071, 395, 3461, 4628, 33, 42);
INSERt INTo `schedule` VALUES (53, 4609, 3525, 558, 4254, 2205, 2170, 67, 56);
INSERt INTo `schedule` VALUES (54, 195, 3104, 4812, 4055, 3634, 1124, 109, 31);
INSERt INTo `schedule` VALUES (55, 177, 95, 230, 181, 694, 571, 105, 94);
INSERt INTo `schedule` VALUES (56, 1218, 173, 1289, 3182, 1740, 3146, 71, 57);
INSERt INTo `schedule` VALUES (57, 228, 2067, 4097, 1699, 1665, 395, 118, 72);
INSERt INTo `schedule` VALUES (58, 3464, 558, 999, 1991, 236, 1071, 63, 94);
INSERt INTo `schedule` VALUES (59, 3634, 3719, 839, 3461, 4134, 3525, 22, 63);
INSERt INTo `schedule` VALUES (60, 2168, 181, 3204, 263, 178, 4812, 59, 45);
INSERt INTo `schedule` VALUES (61, 2785, 1124, 1289, 4254, 20, 1027, 2, 64);
INSERt INTo `schedule` VALUES (62, 230, 571, 195, 4572, 2170, 3146, 156, 55);
INSERt INTo `schedule` VALUES (63, 4628, 694, 237, 4055, 3182, 3059, 26, 100);
INSERt INTo `schedule` VALUES (64, 175, 2836, 95, 173, 1784, 2064, 78, 59);
INSERt INTo `schedule` VALUES (65, 177, 3718, 1218, 3555, 2205, 3104, 132, 30);
INSERt INTo `schedule` VALUES (66, 4609, 3204, 1699, 1740, 1071, 3464, 54, 58);
INSERt INTo `schedule` VALUES (67, 20, 2170, 395, 4572, 263, 4134, 114, 20);
INSERt INTo `schedule` VALUES (68, 1027, 3525, 1124, 999, 230, 228, 32, 87);
INSERt INTo `schedule` VALUES (69, 2067, 4254, 195, 571, 839, 1784, 75, 70);
INSERt INTo `schedule` VALUES (70, 4055, 3718, 175, 558, 178, 3719, 82, 47);
INSERt INTo `schedule` VALUES (71, 3461, 1991, 3059, 4097, 1218, 3146, 56, 112);
INSERt INTo `schedule` VALUES (72, 3555, 173, 95, 3634, 2168, 237, 33, 80);
INSERt INTo `schedule` VALUES (73, 4812, 1740, 2064, 177, 694, 3104, 38, 140);
INSERt INTo `schedule` VALUES (74, 2205, 236, 1289, 4628, 2785, 2836, 65, 18);
INSERt INTo `schedule` VALUES (75, 1665, 4609, 2067, 3182, 181, 3719, 72, 30);
INSERt INTo `schedule` VALUES (76, 1784, 263, 228, 230, 558, 3461, 81, 68);
INSERt INTo `schedule` VALUES (77, 173, 20, 1991, 1071, 195, 178, 67, 64);
INSERt INTo `schedule` VALUES (78, 1699, 4254, 175, 237, 4812, 3146, 61, 62);
INSERt INTo `schedule` VALUES (79, 839, 4628, 2168, 2170, 3104, 571, 73, 30);
INSERt INTo `schedule` VALUES (80, 2064, 3464, 181, 3525, 1218, 2785, 42, 106);
INSERt INTo `schedule` VALUES (81, 177, 3182, 4134, 2836, 4055, 999, 86, 21);
INSERt INTo `schedule` VALUES (82, 1665, 3718, 236, 1027, 694, 3204, 97, 56);
INSERt INTo `schedule` VALUES (83, 395, 3059, 4609, 3634, 1289, 3555, 46, 45);
INSERt INTo `schedule` VALUES (84, 4572, 1740, 2205, 4097, 1124, 95, 2, 28);
